{
  "title": "Ingress/ALB Metrics",
  "panels": [
    {
      "type": "graph",
      "title": "ALB 5xx Error Count",
      "targets": [
        {
          "expr": "sum(rate(alb_http_backend_5xx_count_sum[5m]))",
          "format": "time_series"
        }
      ]
    },
    {
      "type": "graph",
      "title": "Request Count",
      "targets": [
        {
          "expr": "sum(rate(alb_http_request_count_sum[5m]))",
          "format": "time_series"
        }
      ]
    }
  ],
  "schemaVersion": 27,
  "version": 1
}