{
  "title": "RDS Metrics",
  "panels": [
    {
      "type": "graph",
      "title": "CPU Utilization",
      "targets": [
        {
          "expr": "aws_rds_cpuutilization_average{dbinstance_identifier=~\"sitecore.*\"}",
          "format": "time_series"
        }
      ]
    },
    {
      "type": "graph",
      "title": "Free Storage Space",
      "targets": [
        {
          "expr": "aws_rds_free_storage_space_average{dbinstance_identifier=~\"sitecore.*\"}",
          "format": "time_series"
        }
      ]
    }
  ],
  "schemaVersion": 27,
  "version": 1
}