{
  "title": "Sitecore Overview",
  "panels": [
    {
      "type": "stat",
      "title": "CM HTTP 5xx errors",
      "targets": [
        {
          "expr": "sum(rate(http_requests_total{namespace=\"dev\",pod=~\"sitecore-cm.*\",status=~\"5..\"}[5m]))",
          "format": "time_series"
        }
      ]
    },
    {
      "type": "stat",
      "title": "CD HTTP 5xx errors",
      "targets": [
        {
          "expr": "sum(rate(http_requests_total{namespace=\"dev\",pod=~\"sitecore-cd.*\",status=~\"5..\"}[5m]))",
          "format": "time_series"
        }
      ]
    }
  ],
  "schemaVersion": 27,
  "version": 1
}